poet_slug,poet_name,sample_no,citation_id,source_work,edition,year,page,sample_title
rudaki,Rudaki,1,rudaki-s01,Diwan-e Rudaki (classical Persian editions),Public-domain compiled edition,various (19th-early 20th c.),varies by edition,Spring has come
rudaki,Rudaki,2,rudaki-s02,Tajik-Persian anthology traditions,Public-domain compiled edition,various (19th-early 20th c.),varies by edition,The scent of joy
rudaki,Rudaki,3,rudaki-s03,Diwan-e Rudaki (classical Persian editions),Public-domain compiled edition,various (19th-early 20th c.),varies by edition,Memory of homeland
rudaki,Rudaki,4,rudaki-s04,Tajik-Persian anthology traditions,Public-domain compiled edition,various (19th-early 20th c.),varies by edition,Courtly brightness
rudaki,Rudaki,5,rudaki-s05,Diwan-e Rudaki (classical Persian editions),Public-domain compiled edition,various (19th-early 20th c.),varies by edition,Wine and companionship
rudaki,Rudaki,6,rudaki-s06,Tajik-Persian anthology traditions,Public-domain compiled edition,various (19th-early 20th c.),varies by edition,Value of wisdom
rudaki,Rudaki,7,rudaki-s07,Diwan-e Rudaki (classical Persian editions),Public-domain compiled edition,various (19th-early 20th c.),varies by edition,Passing time
rudaki,Rudaki,8,rudaki-s08,Tajik-Persian anthology traditions,Public-domain compiled edition,various (19th-early 20th c.),varies by edition,Simple delight
rudaki,Rudaki,9,rudaki-s09,Diwan-e Rudaki (classical Persian editions),Public-domain compiled edition,various (19th-early 20th c.),varies by edition,Praise of generosity
rudaki,Rudaki,10,rudaki-s10,Tajik-Persian anthology traditions,Public-domain compiled edition,various (19th-early 20th c.),varies by edition,Sweet speech
amir-khusrau,Amir Khusrau,1,amir-khusrau-s01,Khusrau's Persian-Hindavi lyrical corpus,Public-domain compiled edition,various (19th-early 20th c.),varies by edition,Zehaal-e miskin
amir-khusrau,Amir Khusrau,2,amir-khusrau-s02,Qawwali and Indo-Persian traditional anthologies,Public-domain compiled edition,various (19th-early 20th c.),varies by edition,Chaap tilak
amir-khusrau,Amir Khusrau,3,amir-khusrau-s03,Khusrau's Persian-Hindavi lyrical corpus,Public-domain compiled edition,various (19th-early 20th c.),varies by edition,Aaj rang hai
amir-khusrau,Amir Khusrau,4,amir-khusrau-s04,Qawwali and Indo-Persian traditional anthologies,Public-domain compiled edition,various (19th-early 20th c.),varies by edition,Kaahe ko byahi bides
amir-khusrau,Amir Khusrau,5,amir-khusrau-s05,Khusrau's Persian-Hindavi lyrical corpus,Public-domain compiled edition,various (19th-early 20th c.),varies by edition,Nizam piya
amir-khusrau,Amir Khusrau,6,amir-khusrau-s06,Qawwali and Indo-Persian traditional anthologies,Public-domain compiled edition,various (19th-early 20th c.),varies by edition,Man kunto Maula
amir-khusrau,Amir Khusrau,7,amir-khusrau-s07,Khusrau's Persian-Hindavi lyrical corpus,Public-domain compiled edition,various (19th-early 20th c.),varies by edition,Khusrau darya prem ka
amir-khusrau,Amir Khusrau,8,amir-khusrau-s08,Qawwali and Indo-Persian traditional anthologies,Public-domain compiled edition,various (19th-early 20th c.),varies by edition,Gori sove sej par
amir-khusrau,Amir Khusrau,9,amir-khusrau-s09,Khusrau's Persian-Hindavi lyrical corpus,Public-domain compiled edition,various (19th-early 20th c.),varies by edition,Mohe apne hi rang
amir-khusrau,Amir Khusrau,10,amir-khusrau-s10,Qawwali and Indo-Persian traditional anthologies,Public-domain compiled edition,various (19th-early 20th c.),varies by edition,Saqiya
rumi,Jalal ud-Din Rumi,1,rumi-s01,Masnavi-ye Manavi,Masnavi and Divan public-domain editions,19th-early 20th c.,varies by volume,Listen to the reed
rumi,Jalal ud-Din Rumi,2,rumi-s02,Diwan-e Shams (public-domain selections),Masnavi and Divan public-domain editions,19th-early 20th c.,varies by volume,Return to origin
rumi,Jalal ud-Din Rumi,3,rumi-s03,Masnavi-ye Manavi,Masnavi and Divan public-domain editions,19th-early 20th c.,varies by volume,Love turns bitterness sweet
rumi,Jalal ud-Din Rumi,4,rumi-s04,Diwan-e Shams (public-domain selections),Masnavi and Divan public-domain editions,19th-early 20th c.,varies by volume,"Come, come again"
rumi,Jalal ud-Din Rumi,5,rumi-s05,Masnavi-ye Manavi,Masnavi and Divan public-domain editions,19th-early 20th c.,varies by volume,Out beyond wrong and right
rumi,Jalal ud-Din Rumi,6,rumi-s06,Diwan-e Shams (public-domain selections),Masnavi and Divan public-domain editions,19th-early 20th c.,varies by volume,The lamps are many
rumi,Jalal ud-Din Rumi,7,rumi-s07,Masnavi-ye Manavi,Masnavi and Divan public-domain editions,19th-early 20th c.,varies by volume,Silent speech
rumi,Jalal ud-Din Rumi,8,rumi-s08,Diwan-e Shams (public-domain selections),Masnavi and Divan public-domain editions,19th-early 20th c.,varies by volume,Die before death
rumi,Jalal ud-Din Rumi,9,rumi-s09,Masnavi-ye Manavi,Masnavi and Divan public-domain editions,19th-early 20th c.,varies by volume,The wound and the light
rumi,Jalal ud-Din Rumi,10,rumi-s10,Diwan-e Shams (public-domain selections),Masnavi and Divan public-domain editions,19th-early 20th c.,varies by volume,Be melting snow
hafez,Hafez,1,hafez-s01,Diwan-e Hafez (public-domain editions),Public-domain compiled edition,various (19th-early 20th c.),varies by edition,The Shirazi Turk
hafez,Hafez,2,hafez-s02,Classical Shirazi ghazal anthologies,Public-domain compiled edition,various (19th-early 20th c.),varies by edition,Let us scatter roses
hafez,Hafez,3,hafez-s03,Diwan-e Hafez (public-domain editions),Public-domain compiled edition,various (19th-early 20th c.),varies by edition,Joseph returns
hafez,Hafez,4,hafez-s04,Classical Shirazi ghazal anthologies,Public-domain compiled edition,various (19th-early 20th c.),varies by edition,Good news
hafez,Hafez,5,hafez-s05,Diwan-e Hafez (public-domain editions),Public-domain compiled edition,various (19th-early 20th c.),varies by edition,Last night the angels
hafez,Hafez,6,hafez-s06,Classical Shirazi ghazal anthologies,Public-domain compiled edition,various (19th-early 20th c.),varies by edition,Cupbearer bring wine
hafez,Hafez,7,hafez-s07,Diwan-e Hafez (public-domain editions),Public-domain compiled edition,various (19th-early 20th c.),varies by edition,Morning breeze
hafez,Hafez,8,hafez-s08,Classical Shirazi ghazal anthologies,Public-domain compiled edition,various (19th-early 20th c.),varies by edition,The beloved's lane
hafez,Hafez,9,hafez-s09,Diwan-e Hafez (public-domain editions),Public-domain compiled edition,various (19th-early 20th c.),varies by edition,Tavern door
hafez,Hafez,10,hafez-s10,Classical Shirazi ghazal anthologies,Public-domain compiled edition,various (19th-early 20th c.),varies by edition,Ask Hafez
mir-taqi-mir,Mir Taqi Mir,1,mir-taqi-mir-s01,Kulliyat-e Mir,Public-domain compiled edition,various (19th-early 20th c.),varies by edition,The leaf and branch
mir-taqi-mir,Mir Taqi Mir,2,mir-taqi-mir-s02,Classical Urdu ghazal anthologies,Public-domain compiled edition,various (19th-early 20th c.),varies by edition,No one asks
mir-taqi-mir,Mir Taqi Mir,3,mir-taqi-mir-s03,Kulliyat-e Mir,Public-domain compiled edition,various (19th-early 20th c.),varies by edition,Delhi's ruin
mir-taqi-mir,Mir Taqi Mir,4,mir-taqi-mir-s04,Classical Urdu ghazal anthologies,Public-domain compiled edition,various (19th-early 20th c.),varies by edition,Bewildered heart
mir-taqi-mir,Mir Taqi Mir,5,mir-taqi-mir-s05,Kulliyat-e Mir,Public-domain compiled edition,various (19th-early 20th c.),varies by edition,Mad for love
mir-taqi-mir,Mir Taqi Mir,6,mir-taqi-mir-s06,Classical Urdu ghazal anthologies,Public-domain compiled edition,various (19th-early 20th c.),varies by edition,A subtle manner
mir-taqi-mir,Mir Taqi Mir,7,mir-taqi-mir-s07,Kulliyat-e Mir,Public-domain compiled edition,various (19th-early 20th c.),varies by edition,The city of heart
mir-taqi-mir,Mir Taqi Mir,8,mir-taqi-mir-s08,Classical Urdu ghazal anthologies,Public-domain compiled edition,various (19th-early 20th c.),varies by edition,A lonely traveler
mir-taqi-mir,Mir Taqi Mir,9,mir-taqi-mir-s09,Kulliyat-e Mir,Public-domain compiled edition,various (19th-early 20th c.),varies by edition,My condition
mir-taqi-mir,Mir Taqi Mir,10,mir-taqi-mir-s10,Classical Urdu ghazal anthologies,Public-domain compiled edition,various (19th-early 20th c.),varies by edition,The heart remains struck
ghalib,Mirza Ghalib,1,ghalib-s01,Diwan-e Ghalib (Nuskha-e Hamidiya and public-domain prints),Diwan-e Ghalib public-domain prints,late 19th-early 20th c.,varies by nuskha,Thousands of desires
ghalib,Mirza Ghalib,2,ghalib-s02,Diwan-e Ghalib (Nuskha-e Hamidiya and public-domain prints),Diwan-e Ghalib public-domain prints,late 19th-early 20th c.,varies by nuskha,"Heart, not brick"
ghalib,Mirza Ghalib,3,ghalib-s03,Diwan-e Ghalib (Nuskha-e Hamidiya and public-domain prints),Diwan-e Ghalib public-domain prints,late 19th-early 20th c.,varies by nuskha,It was no use
ghalib,Mirza Ghalib,4,ghalib-s04,Diwan-e Ghalib (Nuskha-e Hamidiya and public-domain prints),Diwan-e Ghalib public-domain prints,late 19th-early 20th c.,varies by nuskha,Heart asks what
ghalib,Mirza Ghalib,5,ghalib-s05,Diwan-e Ghalib (Nuskha-e Hamidiya and public-domain prints),Diwan-e Ghalib public-domain prints,late 19th-early 20th c.,varies by nuskha,The prison of being
ghalib,Mirza Ghalib,6,ghalib-s06,Diwan-e Ghalib (Nuskha-e Hamidiya and public-domain prints),Diwan-e Ghalib public-domain prints,late 19th-early 20th c.,varies by nuskha,A world of illusions
ghalib,Mirza Ghalib,7,ghalib-s07,Diwan-e Ghalib (Nuskha-e Hamidiya and public-domain prints),Diwan-e Ghalib public-domain prints,late 19th-early 20th c.,varies by nuskha,Who is speaking
ghalib,Mirza Ghalib,8,ghalib-s08,Diwan-e Ghalib (Nuskha-e Hamidiya and public-domain prints),Diwan-e Ghalib public-domain prints,late 19th-early 20th c.,varies by nuskha,The lane of the beloved
ghalib,Mirza Ghalib,9,ghalib-s09,Diwan-e Ghalib (Nuskha-e Hamidiya and public-domain prints),Diwan-e Ghalib public-domain prints,late 19th-early 20th c.,varies by nuskha,The image in the heart
ghalib,Mirza Ghalib,10,ghalib-s10,Diwan-e Ghalib (Nuskha-e Hamidiya and public-domain prints),Diwan-e Ghalib public-domain prints,late 19th-early 20th c.,varies by nuskha,No remedy but patience
bahadur-shah-zafar,Bahadur Shah Zafar,1,bahadur-shah-zafar-s01,Diwan-e Zafar,Public-domain compiled edition,various (19th-early 20th c.),varies by edition,A desolate heart
bahadur-shah-zafar,Bahadur Shah Zafar,2,bahadur-shah-zafar-s02,1857-era Urdu verse collections,Public-domain compiled edition,various (19th-early 20th c.),varies by edition,No one belongs
bahadur-shah-zafar,Bahadur Shah Zafar,3,bahadur-shah-zafar-s03,Diwan-e Zafar,Public-domain compiled edition,various (19th-early 20th c.),varies by edition,The misfortune of burial
bahadur-shah-zafar,Bahadur Shah Zafar,4,bahadur-shah-zafar-s04,1857-era Urdu verse collections,Public-domain compiled edition,various (19th-early 20th c.),varies by edition,The captive king
bahadur-shah-zafar,Bahadur Shah Zafar,5,bahadur-shah-zafar-s05,Diwan-e Zafar,Public-domain compiled edition,various (19th-early 20th c.),varies by edition,Passed in longing
bahadur-shah-zafar,Bahadur Shah Zafar,6,bahadur-shah-zafar-s06,1857-era Urdu verse collections,Public-domain compiled edition,various (19th-early 20th c.),varies by edition,The ruined dwelling
bahadur-shah-zafar,Bahadur Shah Zafar,7,bahadur-shah-zafar-s07,Diwan-e Zafar,Public-domain compiled edition,various (19th-early 20th c.),varies by edition,Exile
bahadur-shah-zafar,Bahadur Shah Zafar,8,bahadur-shah-zafar-s08,1857-era Urdu verse collections,Public-domain compiled edition,various (19th-early 20th c.),varies by edition,A fading sovereignty
bahadur-shah-zafar,Bahadur Shah Zafar,9,bahadur-shah-zafar-s09,Diwan-e Zafar,Public-domain compiled edition,various (19th-early 20th c.),varies by edition,The broken gathering
bahadur-shah-zafar,Bahadur Shah Zafar,10,bahadur-shah-zafar-s10,1857-era Urdu verse collections,Public-domain compiled edition,various (19th-early 20th c.),varies by edition,The end of empire
muhammad-iqbal,Muhammad Iqbal,1,muhammad-iqbal-s01,Bang-e Dara,Early Bang-e Dara / Bal-e Jibril prints,pre-1923 editions,varies by edition,Better than the world
muhammad-iqbal,Muhammad Iqbal,2,muhammad-iqbal-s02,Bal-e Jibril and public-domain Iqbal editions,Early Bang-e Dara / Bal-e Jibril prints,pre-1923 editions,varies by edition,The nightingale and the garden
muhammad-iqbal,Muhammad Iqbal,3,muhammad-iqbal-s03,Bang-e Dara,Early Bang-e Dara / Bal-e Jibril prints,pre-1923 editions,varies by edition,Raise the self
muhammad-iqbal,Muhammad Iqbal,4,muhammad-iqbal-s04,Bal-e Jibril and public-domain Iqbal editions,Early Bang-e Dara / Bal-e Jibril prints,pre-1923 editions,varies by edition,Before every decree
muhammad-iqbal,Muhammad Iqbal,5,muhammad-iqbal-s05,Bang-e Dara,Early Bang-e Dara / Bal-e Jibril prints,pre-1923 editions,varies by edition,Stars beyond stars
muhammad-iqbal,Muhammad Iqbal,6,muhammad-iqbal-s06,Bal-e Jibril and public-domain Iqbal editions,Early Bang-e Dara / Bal-e Jibril prints,pre-1923 editions,varies by edition,Trials of love
muhammad-iqbal,Muhammad Iqbal,7,muhammad-iqbal-s07,Bang-e Dara,Early Bang-e Dara / Bal-e Jibril prints,pre-1923 editions,varies by edition,The eagle
muhammad-iqbal,Muhammad Iqbal,8,muhammad-iqbal-s08,Bal-e Jibril and public-domain Iqbal editions,Early Bang-e Dara / Bal-e Jibril prints,pre-1923 editions,varies by edition,Do not live low
muhammad-iqbal,Muhammad Iqbal,9,muhammad-iqbal-s09,Bang-e Dara,Early Bang-e Dara / Bal-e Jibril prints,pre-1923 editions,varies by edition,Prayer of the child
muhammad-iqbal,Muhammad Iqbal,10,muhammad-iqbal-s10,Bal-e Jibril and public-domain Iqbal editions,Early Bang-e Dara / Bal-e Jibril prints,pre-1923 editions,varies by edition,Illuminate life
sanai,Sanai,1,sanai-s01,Hadiqat al-Haqiqa,Public-domain compiled edition,various (19th-early 20th c.),varies by edition,Wake from heedlessness
sanai,Sanai,2,sanai-s02,Public-domain Sufi Persian anthologies,Public-domain compiled edition,various (19th-early 20th c.),varies by edition,The heart as Kaaba
sanai,Sanai,3,sanai-s03,Hadiqat al-Haqiqa,Public-domain compiled edition,various (19th-early 20th c.),varies by edition,Outward piety mocked
sanai,Sanai,4,sanai-s04,Public-domain Sufi Persian anthologies,Public-domain compiled edition,various (19th-early 20th c.),varies by edition,Truth before display
sanai,Sanai,5,sanai-s05,Hadiqat al-Haqiqa,Public-domain compiled edition,various (19th-early 20th c.),varies by edition,Inner reform
sanai,Sanai,6,sanai-s06,Public-domain Sufi Persian anthologies,Public-domain compiled edition,various (19th-early 20th c.),varies by edition,Worldly illusion
sanai,Sanai,7,sanai-s07,Hadiqat al-Haqiqa,Public-domain compiled edition,various (19th-early 20th c.),varies by edition,The path is difficult
sanai,Sanai,8,sanai-s08,Public-domain Sufi Persian anthologies,Public-domain compiled edition,various (19th-early 20th c.),varies by edition,Humility of the seeker
sanai,Sanai,9,sanai-s09,Hadiqat al-Haqiqa,Public-domain compiled edition,various (19th-early 20th c.),varies by edition,The mirror of conscience
sanai,Sanai,10,sanai-s10,Public-domain Sufi Persian anthologies,Public-domain compiled edition,various (19th-early 20th c.),varies by edition,The wise warning
attar,Farid ud-Din Attar,1,attar-s01,Mantiq al-Tayr,Public-domain compiled edition,various (19th-early 20th c.),varies by edition,The conference begins
attar,Farid ud-Din Attar,2,attar-s02,Tadhkirat al-Awliya and public-domain selections,Public-domain compiled edition,various (19th-early 20th c.),varies by edition,Seek the Beloved
attar,Farid ud-Din Attar,3,attar-s03,Mantiq al-Tayr,Public-domain compiled edition,various (19th-early 20th c.),varies by edition,Valley of quest
attar,Farid ud-Din Attar,4,attar-s04,Tadhkirat al-Awliya and public-domain selections,Public-domain compiled edition,various (19th-early 20th c.),varies by edition,Annihilation
attar,Farid ud-Din Attar,5,attar-s05,Mantiq al-Tayr,Public-domain compiled edition,various (19th-early 20th c.),varies by edition,The moth and flame
attar,Farid ud-Din Attar,6,attar-s06,Tadhkirat al-Awliya and public-domain selections,Public-domain compiled edition,various (19th-early 20th c.),varies by edition,Beyond reason
attar,Farid ud-Din Attar,7,attar-s07,Mantiq al-Tayr,Public-domain compiled edition,various (19th-early 20th c.),varies by edition,Birds and mirrors
attar,Farid ud-Din Attar,8,attar-s08,Tadhkirat al-Awliya and public-domain selections,Public-domain compiled edition,various (19th-early 20th c.),varies by edition,Dust of the road
attar,Farid ud-Din Attar,9,attar-s09,Mantiq al-Tayr,Public-domain compiled edition,various (19th-early 20th c.),varies by edition,The secret of love
attar,Farid ud-Din Attar,10,attar-s10,Tadhkirat al-Awliya and public-domain selections,Public-domain compiled edition,various (19th-early 20th c.),varies by edition,Journey inward
nizami-ganjavi,Nizami Ganjavi,1,nizami-ganjavi-s01,Khamsa of Nizami,Public-domain compiled edition,various (19th-early 20th c.),varies by edition,Beauty and discipline
nizami-ganjavi,Nizami Ganjavi,2,nizami-ganjavi-s02,Classical Persian narrative anthologies,Public-domain compiled edition,various (19th-early 20th c.),varies by edition,The tale begins
nizami-ganjavi,Nizami Ganjavi,3,nizami-ganjavi-s03,Khamsa of Nizami,Public-domain compiled edition,various (19th-early 20th c.),varies by edition,Layla's desert
nizami-ganjavi,Nizami Ganjavi,4,nizami-ganjavi-s04,Classical Persian narrative anthologies,Public-domain compiled edition,various (19th-early 20th c.),varies by edition,Majnun's longing
nizami-ganjavi,Nizami Ganjavi,5,nizami-ganjavi-s05,Khamsa of Nizami,Public-domain compiled edition,various (19th-early 20th c.),varies by edition,Khusrau and Shirin
nizami-ganjavi,Nizami Ganjavi,6,nizami-ganjavi-s06,Classical Persian narrative anthologies,Public-domain compiled edition,various (19th-early 20th c.),varies by edition,Kingship judged
nizami-ganjavi,Nizami Ganjavi,7,nizami-ganjavi-s07,Khamsa of Nizami,Public-domain compiled edition,various (19th-early 20th c.),varies by edition,The hidden pearl
nizami-ganjavi,Nizami Ganjavi,8,nizami-ganjavi-s08,Classical Persian narrative anthologies,Public-domain compiled edition,various (19th-early 20th c.),varies by edition,Narrative grace
nizami-ganjavi,Nizami Ganjavi,9,nizami-ganjavi-s09,Khamsa of Nizami,Public-domain compiled edition,various (19th-early 20th c.),varies by edition,The lover's lesson
nizami-ganjavi,Nizami Ganjavi,10,nizami-ganjavi-s10,Classical Persian narrative anthologies,Public-domain compiled edition,various (19th-early 20th c.),varies by edition,The lamp of story
jami,Jami,1,jami-s01,Haft Awrang,Public-domain compiled edition,various (19th-early 20th c.),varies by edition,Scholar and lover
jami,Jami,2,jami-s02,Yusuf o Zulaikha (public-domain texts),Public-domain compiled edition,various (19th-early 20th c.),varies by edition,Joseph's beauty
jami,Jami,3,jami-s03,Haft Awrang,Public-domain compiled edition,various (19th-early 20th c.),varies by edition,Zulaikha's longing
jami,Jami,4,jami-s04,Yusuf o Zulaikha (public-domain texts),Public-domain compiled edition,various (19th-early 20th c.),varies by edition,Sufi sobriety
jami,Jami,5,jami-s05,Haft Awrang,Public-domain compiled edition,various (19th-early 20th c.),varies by edition,Garden of meaning
jami,Jami,6,jami-s06,Yusuf o Zulaikha (public-domain texts),Public-domain compiled edition,various (19th-early 20th c.),varies by edition,Mirror of the friend
jami,Jami,7,jami-s07,Haft Awrang,Public-domain compiled edition,various (19th-early 20th c.),varies by edition,Grace of restraint
jami,Jami,8,jami-s08,Yusuf o Zulaikha (public-domain texts),Public-domain compiled edition,various (19th-early 20th c.),varies by edition,The path of unity
jami,Jami,9,jami-s09,Haft Awrang,Public-domain compiled edition,various (19th-early 20th c.),varies by edition,The breath of devotion
jami,Jami,10,jami-s10,Yusuf o Zulaikha (public-domain texts),Public-domain compiled edition,various (19th-early 20th c.),varies by edition,Jami's counsel
baba-tahir,Baba Tahir,1,baba-tahir-s01,Do-bayti collections of Baba Tahir,Public-domain compiled edition,various (19th-early 20th c.),varies by edition,My lonely heart
baba-tahir,Baba Tahir,2,baba-tahir-s02,Do-bayti collections of Baba Tahir,Public-domain compiled edition,various (19th-early 20th c.),varies by edition,The beloved everywhere
baba-tahir,Baba Tahir,3,baba-tahir-s03,Do-bayti collections of Baba Tahir,Public-domain compiled edition,various (19th-early 20th c.),varies by edition,Eyes of longing
baba-tahir,Baba Tahir,4,baba-tahir-s04,Do-bayti collections of Baba Tahir,Public-domain compiled edition,various (19th-early 20th c.),varies by edition,Night of absence
baba-tahir,Baba Tahir,5,baba-tahir-s05,Do-bayti collections of Baba Tahir,Public-domain compiled edition,various (19th-early 20th c.),varies by edition,Plain-spoken pain
baba-tahir,Baba Tahir,6,baba-tahir-s06,Do-bayti collections of Baba Tahir,Public-domain compiled edition,various (19th-early 20th c.),varies by edition,The mountain witness
baba-tahir,Baba Tahir,7,baba-tahir-s07,Do-bayti collections of Baba Tahir,Public-domain compiled edition,various (19th-early 20th c.),varies by edition,The mystic wound
baba-tahir,Baba Tahir,8,baba-tahir-s08,Do-bayti collections of Baba Tahir,Public-domain compiled edition,various (19th-early 20th c.),varies by edition,Dust of the path
baba-tahir,Baba Tahir,9,baba-tahir-s09,Do-bayti collections of Baba Tahir,Public-domain compiled edition,various (19th-early 20th c.),varies by edition,A dervish plea
baba-tahir,Baba Tahir,10,baba-tahir-s10,Do-bayti collections of Baba Tahir,Public-domain compiled edition,various (19th-early 20th c.),varies by edition,Soul's simplicity
khwaju-kirmani,Khwaju Kirmani,1,khwaju-kirmani-s01,Diwan-e Khwaju Kirmani (public-domain editions),Public-domain compiled edition,various (19th-early 20th c.),varies by edition,Perfumed lane
khwaju-kirmani,Khwaju Kirmani,2,khwaju-kirmani-s02,Diwan-e Khwaju Kirmani (public-domain editions),Public-domain compiled edition,various (19th-early 20th c.),varies by edition,Lyrical polish
khwaju-kirmani,Khwaju Kirmani,3,khwaju-kirmani-s03,Diwan-e Khwaju Kirmani (public-domain editions),Public-domain compiled edition,various (19th-early 20th c.),varies by edition,The cup and the moon
khwaju-kirmani,Khwaju Kirmani,4,khwaju-kirmani-s04,Diwan-e Khwaju Kirmani (public-domain editions),Public-domain compiled edition,various (19th-early 20th c.),varies by edition,Beloved's curls
khwaju-kirmani,Khwaju Kirmani,5,khwaju-kirmani-s05,Diwan-e Khwaju Kirmani (public-domain editions),Public-domain compiled edition,various (19th-early 20th c.),varies by edition,Gentle sorrow
khwaju-kirmani,Khwaju Kirmani,6,khwaju-kirmani-s06,Diwan-e Khwaju Kirmani (public-domain editions),Public-domain compiled edition,various (19th-early 20th c.),varies by edition,The rose garden
khwaju-kirmani,Khwaju Kirmani,7,khwaju-kirmani-s07,Diwan-e Khwaju Kirmani (public-domain editions),Public-domain compiled edition,various (19th-early 20th c.),varies by edition,Tavern ease
khwaju-kirmani,Khwaju Kirmani,8,khwaju-kirmani-s08,Diwan-e Khwaju Kirmani (public-domain editions),Public-domain compiled edition,various (19th-early 20th c.),varies by edition,Courtly longing
khwaju-kirmani,Khwaju Kirmani,9,khwaju-kirmani-s09,Diwan-e Khwaju Kirmani (public-domain editions),Public-domain compiled edition,various (19th-early 20th c.),varies by edition,The glance
khwaju-kirmani,Khwaju Kirmani,10,khwaju-kirmani-s10,Diwan-e Khwaju Kirmani (public-domain editions),Public-domain compiled edition,various (19th-early 20th c.),varies by edition,Refined yearning
wali-deccani,Wali Deccani,1,wali-deccani-s01,Diwan-e Wali Deccani,Public-domain compiled edition,various (19th-early 20th c.),varies by edition,Every glance says love
wali-deccani,Wali Deccani,2,wali-deccani-s02,Early Rekhta anthologies,Public-domain compiled edition,various (19th-early 20th c.),varies by edition,The color of Rekhta
wali-deccani,Wali Deccani,3,wali-deccani-s03,Diwan-e Wali Deccani,Public-domain compiled edition,various (19th-early 20th c.),varies by edition,Love as speech
wali-deccani,Wali Deccani,4,wali-deccani-s04,Early Rekhta anthologies,Public-domain compiled edition,various (19th-early 20th c.),varies by edition,The lane of beauty
wali-deccani,Wali Deccani,5,wali-deccani-s05,Diwan-e Wali Deccani,Public-domain compiled edition,various (19th-early 20th c.),varies by edition,A Deccani softness
wali-deccani,Wali Deccani,6,wali-deccani-s06,Early Rekhta anthologies,Public-domain compiled edition,various (19th-early 20th c.),varies by edition,Union imagined
wali-deccani,Wali Deccani,7,wali-deccani-s07,Diwan-e Wali Deccani,Public-domain compiled edition,various (19th-early 20th c.),varies by edition,"Persian grace, Urdu warmth"
wali-deccani,Wali Deccani,8,wali-deccani-s08,Early Rekhta anthologies,Public-domain compiled edition,various (19th-early 20th c.),varies by edition,The heart's garden
wali-deccani,Wali Deccani,9,wali-deccani-s09,Diwan-e Wali Deccani,Public-domain compiled edition,various (19th-early 20th c.),varies by edition,First stirrings
wali-deccani,Wali Deccani,10,wali-deccani-s10,Early Rekhta anthologies,Public-domain compiled edition,various (19th-early 20th c.),varies by edition,Wali's signature
siraj-aurangabadi,Siraj Aurangabadi,1,siraj-aurangabadi-s01,Kulliyat-e Siraj Aurangabadi,Public-domain compiled edition,various (19th-early 20th c.),varies by edition,The wandering self
siraj-aurangabadi,Siraj Aurangabadi,2,siraj-aurangabadi-s02,Kulliyat-e Siraj Aurangabadi,Public-domain compiled edition,various (19th-early 20th c.),varies by edition,The burning heart
siraj-aurangabadi,Siraj Aurangabadi,3,siraj-aurangabadi-s03,Kulliyat-e Siraj Aurangabadi,Public-domain compiled edition,various (19th-early 20th c.),varies by edition,Mystic bewilderment
siraj-aurangabadi,Siraj Aurangabadi,4,siraj-aurangabadi-s04,Kulliyat-e Siraj Aurangabadi,Public-domain compiled edition,various (19th-early 20th c.),varies by edition,The fakir's road
siraj-aurangabadi,Siraj Aurangabadi,5,siraj-aurangabadi-s05,Kulliyat-e Siraj Aurangabadi,Public-domain compiled edition,various (19th-early 20th c.),varies by edition,Night of zikr
siraj-aurangabadi,Siraj Aurangabadi,6,siraj-aurangabadi-s06,Kulliyat-e Siraj Aurangabadi,Public-domain compiled edition,various (19th-early 20th c.),varies by edition,The self undone
siraj-aurangabadi,Siraj Aurangabadi,7,siraj-aurangabadi-s07,Kulliyat-e Siraj Aurangabadi,Public-domain compiled edition,various (19th-early 20th c.),varies by edition,A burning dervish
siraj-aurangabadi,Siraj Aurangabadi,8,siraj-aurangabadi-s08,Kulliyat-e Siraj Aurangabadi,Public-domain compiled edition,various (19th-early 20th c.),varies by edition,The absent beloved
siraj-aurangabadi,Siraj Aurangabadi,9,siraj-aurangabadi-s09,Kulliyat-e Siraj Aurangabadi,Public-domain compiled edition,various (19th-early 20th c.),varies by edition,The silent cry
siraj-aurangabadi,Siraj Aurangabadi,10,siraj-aurangabadi-s10,Kulliyat-e Siraj Aurangabadi,Public-domain compiled edition,various (19th-early 20th c.),varies by edition,Path of inward fire
insha,Insha Allah Khan Insha,1,insha-s01,Kulliyat-e Insha,Public-domain compiled edition,various (19th-early 20th c.),varies by edition,Wit in language
insha,Insha Allah Khan Insha,2,insha-s02,Late-Delhi Urdu anthologies,Public-domain compiled edition,various (19th-early 20th c.),varies by edition,A playful address
insha,Insha Allah Khan Insha,3,insha-s03,Kulliyat-e Insha,Public-domain compiled edition,various (19th-early 20th c.),varies by edition,Urban elegance
insha,Insha Allah Khan Insha,4,insha-s04,Late-Delhi Urdu anthologies,Public-domain compiled edition,various (19th-early 20th c.),varies by edition,Self-aware humor
insha,Insha Allah Khan Insha,5,insha-s05,Kulliyat-e Insha,Public-domain compiled edition,various (19th-early 20th c.),varies by edition,The charm of idiom
insha,Insha Allah Khan Insha,6,insha-s06,Late-Delhi Urdu anthologies,Public-domain compiled edition,various (19th-early 20th c.),varies by edition,Love in banter
insha,Insha Allah Khan Insha,7,insha-s07,Kulliyat-e Insha,Public-domain compiled edition,various (19th-early 20th c.),varies by edition,The art of style
insha,Insha Allah Khan Insha,8,insha-s08,Late-Delhi Urdu anthologies,Public-domain compiled edition,various (19th-early 20th c.),varies by edition,Speech as mirror
insha,Insha Allah Khan Insha,9,insha-s09,Kulliyat-e Insha,Public-domain compiled edition,various (19th-early 20th c.),varies by edition,Insha's repartee
insha,Insha Allah Khan Insha,10,insha-s10,Late-Delhi Urdu anthologies,Public-domain compiled edition,various (19th-early 20th c.),varies by edition,Language lives
bedil,Abdul Qadir Bedil,1,bedil-s01,Diwan-e Bedil (public-domain manuscripts/editions),Public-domain compiled edition,various (19th-early 20th c.),varies by edition,The world as imagination
bedil,Abdul Qadir Bedil,2,bedil-s02,Diwan-e Bedil (public-domain manuscripts/editions),Public-domain compiled edition,various (19th-early 20th c.),varies by edition,Mirror of bewilderment
bedil,Abdul Qadir Bedil,3,bedil-s03,Diwan-e Bedil (public-domain manuscripts/editions),Public-domain compiled edition,various (19th-early 20th c.),varies by edition,Dust and cosmos
bedil,Abdul Qadir Bedil,4,bedil-s04,Diwan-e Bedil (public-domain manuscripts/editions),Public-domain compiled edition,various (19th-early 20th c.),varies by edition,Self and disappearance
bedil,Abdul Qadir Bedil,5,bedil-s05,Diwan-e Bedil (public-domain manuscripts/editions),Public-domain compiled edition,various (19th-early 20th c.),varies by edition,The subtle knot
bedil,Abdul Qadir Bedil,6,bedil-s06,Diwan-e Bedil (public-domain manuscripts/editions),Public-domain compiled edition,various (19th-early 20th c.),varies by edition,Labyrinth of heart
bedil,Abdul Qadir Bedil,7,bedil-s07,Diwan-e Bedil (public-domain manuscripts/editions),Public-domain compiled edition,various (19th-early 20th c.),varies by edition,Fire in silence
bedil,Abdul Qadir Bedil,8,bedil-s08,Diwan-e Bedil (public-domain manuscripts/editions),Public-domain compiled edition,various (19th-early 20th c.),varies by edition,No center fixed
bedil,Abdul Qadir Bedil,9,bedil-s09,Diwan-e Bedil (public-domain manuscripts/editions),Public-domain compiled edition,various (19th-early 20th c.),varies by edition,A breath of paradox
bedil,Abdul Qadir Bedil,10,bedil-s10,Diwan-e Bedil (public-domain manuscripts/editions),Public-domain compiled edition,various (19th-early 20th c.),varies by edition,Bedil's signature
saeb-tabrizi,Saeb Tabrizi,1,saeb-tabrizi-s01,Diwan-e Saeb Tabrizi,Public-domain compiled edition,various (19th-early 20th c.),varies by edition,Fresh metaphor
saeb-tabrizi,Saeb Tabrizi,2,saeb-tabrizi-s02,Diwan-e Saeb Tabrizi,Public-domain compiled edition,various (19th-early 20th c.),varies by edition,Arrow of meaning
saeb-tabrizi,Saeb Tabrizi,3,saeb-tabrizi-s03,Diwan-e Saeb Tabrizi,Public-domain compiled edition,various (19th-early 20th c.),varies by edition,Life's brevity
saeb-tabrizi,Saeb Tabrizi,4,saeb-tabrizi-s04,Diwan-e Saeb Tabrizi,Public-domain compiled edition,various (19th-early 20th c.),varies by edition,The moral glance
saeb-tabrizi,Saeb Tabrizi,5,saeb-tabrizi-s05,Diwan-e Saeb Tabrizi,Public-domain compiled edition,various (19th-early 20th c.),varies by edition,The road and the traveler
saeb-tabrizi,Saeb Tabrizi,6,saeb-tabrizi-s06,Diwan-e Saeb Tabrizi,Public-domain compiled edition,various (19th-early 20th c.),varies by edition,The cup of reflection
saeb-tabrizi,Saeb Tabrizi,7,saeb-tabrizi-s07,Diwan-e Saeb Tabrizi,Public-domain compiled edition,various (19th-early 20th c.),varies by edition,The city of thought
saeb-tabrizi,Saeb Tabrizi,8,saeb-tabrizi-s08,Diwan-e Saeb Tabrizi,Public-domain compiled edition,various (19th-early 20th c.),varies by edition,Grace under burden
saeb-tabrizi,Saeb Tabrizi,9,saeb-tabrizi-s09,Diwan-e Saeb Tabrizi,Public-domain compiled edition,various (19th-early 20th c.),varies by edition,Subtle satire
saeb-tabrizi,Saeb Tabrizi,10,saeb-tabrizi-s10,Diwan-e Saeb Tabrizi,Public-domain compiled edition,various (19th-early 20th c.),varies by edition,Saeb's manner
kalim-kashani,Kalim Kashani,1,kalim-kashani-s01,Diwan-e Kalim Kashani,Public-domain compiled edition,various (19th-early 20th c.),varies by edition,Ornamented lyric
kalim-kashani,Kalim Kashani,2,kalim-kashani-s02,Diwan-e Kalim Kashani,Public-domain compiled edition,various (19th-early 20th c.),varies by edition,The migrant voice
kalim-kashani,Kalim Kashani,3,kalim-kashani-s03,Diwan-e Kalim Kashani,Public-domain compiled edition,various (19th-early 20th c.),varies by edition,The painterly line
kalim-kashani,Kalim Kashani,4,kalim-kashani-s04,Diwan-e Kalim Kashani,Public-domain compiled edition,various (19th-early 20th c.),varies by edition,Courtly delicacy
kalim-kashani,Kalim Kashani,5,kalim-kashani-s05,Diwan-e Kalim Kashani,Public-domain compiled edition,various (19th-early 20th c.),varies by edition,The rose and mirror
kalim-kashani,Kalim Kashani,6,kalim-kashani-s06,Diwan-e Kalim Kashani,Public-domain compiled edition,various (19th-early 20th c.),varies by edition,Love's courtesy
kalim-kashani,Kalim Kashani,7,kalim-kashani-s07,Diwan-e Kalim Kashani,Public-domain compiled edition,various (19th-early 20th c.),varies by edition,A jewel of thought
kalim-kashani,Kalim Kashani,8,kalim-kashani-s08,Diwan-e Kalim Kashani,Public-domain compiled edition,various (19th-early 20th c.),varies by edition,Shimmering phrase
kalim-kashani,Kalim Kashani,9,kalim-kashani-s09,Diwan-e Kalim Kashani,Public-domain compiled edition,various (19th-early 20th c.),varies by edition,Elegance in exile
kalim-kashani,Kalim Kashani,10,kalim-kashani-s10,Diwan-e Kalim Kashani,Public-domain compiled edition,various (19th-early 20th c.),varies by edition,Kalim's touch
qaani,Qa'ani,1,qaani-s01,Diwan-e Qa'ani,Public-domain compiled edition,various (19th-early 20th c.),varies by edition,Rhetoric and mirror
qaani,Qa'ani,2,qaani-s02,Diwan-e Qa'ani,Public-domain compiled edition,various (19th-early 20th c.),varies by edition,Voice of transition
qaani,Qa'ani,3,qaani-s03,Diwan-e Qa'ani,Public-domain compiled edition,various (19th-early 20th c.),varies by edition,Satirical edge
qaani,Qa'ani,4,qaani-s04,Diwan-e Qa'ani,Public-domain compiled edition,various (19th-early 20th c.),varies by edition,The speaking city
qaani,Qa'ani,5,qaani-s05,Diwan-e Qa'ani,Public-domain compiled edition,various (19th-early 20th c.),varies by edition,Classical pulse
qaani,Qa'ani,6,qaani-s06,Diwan-e Qa'ani,Public-domain compiled edition,various (19th-early 20th c.),varies by edition,Measured praise
qaani,Qa'ani,7,qaani-s07,Diwan-e Qa'ani,Public-domain compiled edition,various (19th-early 20th c.),varies by edition,The changing court
qaani,Qa'ani,8,qaani-s08,Diwan-e Qa'ani,Public-domain compiled edition,various (19th-early 20th c.),varies by edition,Witness of time
qaani,Qa'ani,9,qaani-s09,Diwan-e Qa'ani,Public-domain compiled edition,various (19th-early 20th c.),varies by edition,Language of scrutiny
qaani,Qa'ani,10,qaani-s10,Diwan-e Qa'ani,Public-domain compiled edition,various (19th-early 20th c.),varies by edition,Qaani's cadence
parvin-etesami,Parvin Etesami,1,parvin-etesami-s01,Divan-e Parvin Etesami,Public-domain compiled edition,various (19th-early 20th c.),varies by edition,Voice of justice
parvin-etesami,Parvin Etesami,2,parvin-etesami-s02,Divan-e Parvin Etesami,Public-domain compiled edition,various (19th-early 20th c.),varies by edition,Dialogue of conscience
parvin-etesami,Parvin Etesami,3,parvin-etesami-s03,Divan-e Parvin Etesami,Public-domain compiled edition,various (19th-early 20th c.),varies by edition,Dignity and labor
parvin-etesami,Parvin Etesami,4,parvin-etesami-s04,Divan-e Parvin Etesami,Public-domain compiled edition,various (19th-early 20th c.),varies by edition,Ethics of speech
parvin-etesami,Parvin Etesami,5,parvin-etesami-s05,Divan-e Parvin Etesami,Public-domain compiled edition,various (19th-early 20th c.),varies by edition,Critique of arrogance
parvin-etesami,Parvin Etesami,6,parvin-etesami-s06,Divan-e Parvin Etesami,Public-domain compiled edition,various (19th-early 20th c.),varies by edition,The candle and moth
parvin-etesami,Parvin Etesami,7,parvin-etesami-s07,Divan-e Parvin Etesami,Public-domain compiled edition,various (19th-early 20th c.),varies by edition,The orphan's plea
parvin-etesami,Parvin Etesami,8,parvin-etesami-s08,Divan-e Parvin Etesami,Public-domain compiled edition,various (19th-early 20th c.),varies by edition,Learning as light
parvin-etesami,Parvin Etesami,9,parvin-etesami-s09,Divan-e Parvin Etesami,Public-domain compiled edition,various (19th-early 20th c.),varies by edition,Compassionate realism
parvin-etesami,Parvin Etesami,10,parvin-etesami-s10,Divan-e Parvin Etesami,Public-domain compiled edition,various (19th-early 20th c.),varies by edition,Parvin's resolve
aref-qazvini,Aref Qazvini,1,aref-qazvini-s01,Aref Qazvini lyric and song collections,Public-domain compiled edition,various (19th-early 20th c.),varies by edition,Song of homeland
aref-qazvini,Aref Qazvini,2,aref-qazvini-s02,Aref Qazvini lyric and song collections,Public-domain compiled edition,various (19th-early 20th c.),varies by edition,Lament of the age
aref-qazvini,Aref Qazvini,3,aref-qazvini-s03,Aref Qazvini lyric and song collections,Public-domain compiled edition,various (19th-early 20th c.),varies by edition,Constitutional hope
aref-qazvini,Aref Qazvini,4,aref-qazvini-s04,Aref Qazvini lyric and song collections,Public-domain compiled edition,various (19th-early 20th c.),varies by edition,Public grief
aref-qazvini,Aref Qazvini,5,aref-qazvini-s05,Aref Qazvini lyric and song collections,Public-domain compiled edition,various (19th-early 20th c.),varies by edition,The people's song
aref-qazvini,Aref Qazvini,6,aref-qazvini-s06,Aref Qazvini lyric and song collections,Public-domain compiled edition,various (19th-early 20th c.),varies by edition,Reformist pulse
aref-qazvini,Aref Qazvini,7,aref-qazvini-s07,Aref Qazvini lyric and song collections,Public-domain compiled edition,various (19th-early 20th c.),varies by edition,Memory of martyrs
aref-qazvini,Aref Qazvini,8,aref-qazvini-s08,Aref Qazvini lyric and song collections,Public-domain compiled edition,various (19th-early 20th c.),varies by edition,"Broken lute, living voice"
aref-qazvini,Aref Qazvini,9,aref-qazvini-s09,Aref Qazvini lyric and song collections,Public-domain compiled edition,various (19th-early 20th c.),varies by edition,Patriotic tenderness
aref-qazvini,Aref Qazvini,10,aref-qazvini-s10,Aref Qazvini lyric and song collections,Public-domain compiled edition,various (19th-early 20th c.),varies by edition,Aref's refrain
hasrat-mohani,Hasrat Mohani,1,hasrat-mohani-s01,Kulliyat-e Hasrat Mohani,Public-domain compiled edition,various (19th-early 20th c.),varies by edition,Silent longing
hasrat-mohani,Hasrat Mohani,2,hasrat-mohani-s02,Public-domain Urdu nationalist ghazal anthologies,Public-domain compiled edition,various (19th-early 20th c.),varies by edition,Love remembered
hasrat-mohani,Hasrat Mohani,3,hasrat-mohani-s03,Kulliyat-e Hasrat Mohani,Public-domain compiled edition,various (19th-early 20th c.),varies by edition,Prayer and rebellion
hasrat-mohani,Hasrat Mohani,4,hasrat-mohani-s04,Public-domain Urdu nationalist ghazal anthologies,Public-domain compiled edition,various (19th-early 20th c.),varies by edition,Inquilab call
hasrat-mohani,Hasrat Mohani,5,hasrat-mohani-s05,Kulliyat-e Hasrat Mohani,Public-domain compiled edition,various (19th-early 20th c.),varies by edition,The beloved and the nation
hasrat-mohani,Hasrat Mohani,6,hasrat-mohani-s06,Public-domain Urdu nationalist ghazal anthologies,Public-domain compiled edition,various (19th-early 20th c.),varies by edition,Fakiri pride
hasrat-mohani,Hasrat Mohani,7,hasrat-mohani-s07,Kulliyat-e Hasrat Mohani,Public-domain compiled edition,various (19th-early 20th c.),varies by edition,The old ghazal fire
hasrat-mohani,Hasrat Mohani,8,hasrat-mohani-s08,Public-domain Urdu nationalist ghazal anthologies,Public-domain compiled edition,various (19th-early 20th c.),varies by edition,Prison and freedom
hasrat-mohani,Hasrat Mohani,9,hasrat-mohani-s09,Kulliyat-e Hasrat Mohani,Public-domain compiled edition,various (19th-early 20th c.),varies by edition,Sufi tenderness
hasrat-mohani,Hasrat Mohani,10,hasrat-mohani-s10,Public-domain Urdu nationalist ghazal anthologies,Public-domain compiled edition,various (19th-early 20th c.),varies by edition,Hasrat's legacy
ferdowsi,Ferdowsi,1,ferdowsi-s01,Shahnameh (critical Persian editions),Shahnameh critical public-domain prints,late 19th-early 20th c.,varies by print,In the name of God
ferdowsi,Ferdowsi,2,ferdowsi-s02,Public-domain epic anthologies,Shahnameh critical public-domain prints,late 19th-early 20th c.,varies by print,No thought rises higher
ferdowsi,Ferdowsi,3,ferdowsi-s03,Shahnameh (critical Persian editions),Shahnameh critical public-domain prints,late 19th-early 20th c.,varies by print,Much have I suffered
ferdowsi,Ferdowsi,4,ferdowsi-s04,Public-domain epic anthologies,Shahnameh critical public-domain prints,late 19th-early 20th c.,varies by print,I revived Persia
ferdowsi,Ferdowsi,5,ferdowsi-s05,Shahnameh (critical Persian editions),Shahnameh critical public-domain prints,late 19th-early 20th c.,varies by print,The world is a passing inn
ferdowsi,Ferdowsi,6,ferdowsi-s06,Public-domain epic anthologies,Shahnameh critical public-domain prints,late 19th-early 20th c.,varies by print,The brave must act
ferdowsi,Ferdowsi,7,ferdowsi-s07,Shahnameh (critical Persian editions),Shahnameh critical public-domain prints,late 19th-early 20th c.,varies by print,Fame remains
ferdowsi,Ferdowsi,8,ferdowsi-s08,Public-domain epic anthologies,Shahnameh critical public-domain prints,late 19th-early 20th c.,varies by print,Seek a good name
ferdowsi,Ferdowsi,9,ferdowsi-s09,Shahnameh (critical Persian editions),Shahnameh critical public-domain prints,late 19th-early 20th c.,varies by print,Justice of kings
ferdowsi,Ferdowsi,10,ferdowsi-s10,Public-domain epic anthologies,Shahnameh critical public-domain prints,late 19th-early 20th c.,varies by print,Time devours all
omar-khayyam,Omar Khayyam,1,omar-khayyam-s01,Rubaiyat manuscripts and public-domain Persian editions,Public-domain compiled edition,various (19th-early 20th c.),varies by edition,"A loaf, a flask, a friend"
omar-khayyam,Omar Khayyam,2,omar-khayyam-s02,Classical quatrain anthologies,Public-domain compiled edition,various (19th-early 20th c.),varies by edition,This moment
omar-khayyam,Omar Khayyam,3,omar-khayyam-s03,Rubaiyat manuscripts and public-domain Persian editions,Public-domain compiled edition,various (19th-early 20th c.),varies by edition,The potter's field
omar-khayyam,Omar Khayyam,4,omar-khayyam-s04,Classical quatrain anthologies,Public-domain compiled edition,various (19th-early 20th c.),varies by edition,Yesterday and tomorrow
omar-khayyam,Omar Khayyam,5,omar-khayyam-s05,Rubaiyat manuscripts and public-domain Persian editions,Public-domain compiled edition,various (19th-early 20th c.),varies by edition,Heaven's revolving wheel
omar-khayyam,Omar Khayyam,6,omar-khayyam-s06,Classical quatrain anthologies,Public-domain compiled edition,various (19th-early 20th c.),varies by edition,Dust returns to dust
omar-khayyam,Omar Khayyam,7,omar-khayyam-s07,Rubaiyat manuscripts and public-domain Persian editions,Public-domain compiled edition,various (19th-early 20th c.),varies by edition,Drink before the jar is sealed
omar-khayyam,Omar Khayyam,8,omar-khayyam-s08,Classical quatrain anthologies,Public-domain compiled edition,various (19th-early 20th c.),varies by edition,The unanswered riddle
omar-khayyam,Omar Khayyam,9,omar-khayyam-s09,Rubaiyat manuscripts and public-domain Persian editions,Public-domain compiled edition,various (19th-early 20th c.),varies by edition,Brief candle of life
omar-khayyam,Omar Khayyam,10,omar-khayyam-s10,Classical quatrain anthologies,Public-domain compiled edition,various (19th-early 20th c.),varies by edition,The cup asks no creed
saadi,Saadi,1,saadi-s01,Gulistan,Public-domain compiled edition,various (19th-early 20th c.),varies by edition,Children of Adam
saadi,Saadi,2,saadi-s02,Bustan,Public-domain compiled edition,various (19th-early 20th c.),varies by edition,One essence
saadi,Saadi,3,saadi-s03,Gulistan,Public-domain compiled edition,various (19th-early 20th c.),varies by edition,Human suffering shared
saadi,Saadi,4,saadi-s04,Bustan,Public-domain compiled edition,various (19th-early 20th c.),varies by edition,Do good and cast it
saadi,Saadi,5,saadi-s05,Gulistan,Public-domain compiled edition,various (19th-early 20th c.),varies by edition,The rose and thorn
saadi,Saadi,6,saadi-s06,Bustan,Public-domain compiled edition,various (19th-early 20th c.),varies by edition,Silence and speech
saadi,Saadi,7,saadi-s07,Gulistan,Public-domain compiled edition,various (19th-early 20th c.),varies by edition,Humility
saadi,Saadi,8,saadi-s08,Bustan,Public-domain compiled edition,various (19th-early 20th c.),varies by edition,A friend in sorrow
saadi,Saadi,9,saadi-s09,Gulistan,Public-domain compiled edition,various (19th-early 20th c.),varies by edition,The value of speech
saadi,Saadi,10,saadi-s10,Bustan,Public-domain compiled edition,various (19th-early 20th c.),varies by edition,Contentment
sauda,Mirza Rafi Sauda,1,sauda-s01,Kulliyat-e Sauda,Public-domain compiled edition,various (19th-early 20th c.),varies by edition,Where are the patrons
sauda,Mirza Rafi Sauda,2,sauda-s02,Kulliyat-e Sauda,Public-domain compiled edition,various (19th-early 20th c.),varies by edition,Worldly pretence
sauda,Mirza Rafi Sauda,3,sauda-s03,Kulliyat-e Sauda,Public-domain compiled edition,various (19th-early 20th c.),varies by edition,Satire on power
sauda,Mirza Rafi Sauda,4,sauda-s04,Kulliyat-e Sauda,Public-domain compiled edition,various (19th-early 20th c.),varies by edition,Ruin of manners
sauda,Mirza Rafi Sauda,5,sauda-s05,Kulliyat-e Sauda,Public-domain compiled edition,various (19th-early 20th c.),varies by edition,A cracked order
sauda,Mirza Rafi Sauda,6,sauda-s06,Kulliyat-e Sauda,Public-domain compiled edition,various (19th-early 20th c.),varies by edition,The city laments
sauda,Mirza Rafi Sauda,7,sauda-s07,Kulliyat-e Sauda,Public-domain compiled edition,various (19th-early 20th c.),varies by edition,Sharp tongue
sauda,Mirza Rafi Sauda,8,sauda-s08,Kulliyat-e Sauda,Public-domain compiled edition,various (19th-early 20th c.),varies by edition,Praise turned critique
sauda,Mirza Rafi Sauda,9,sauda-s09,Kulliyat-e Sauda,Public-domain compiled edition,various (19th-early 20th c.),varies by edition,False grandeur
sauda,Mirza Rafi Sauda,10,sauda-s10,Kulliyat-e Sauda,Public-domain compiled edition,various (19th-early 20th c.),varies by edition,Remember the real
khwaja-mir-dard,Khwaja Mir Dard,1,khwaja-mir-dard-s01,Diwan-e Dard,Public-domain compiled edition,various (19th-early 20th c.),varies by edition,Heart's restlessness
khwaja-mir-dard,Khwaja Mir Dard,2,khwaja-mir-dard-s02,Diwan-e Dard,Public-domain compiled edition,various (19th-early 20th c.),varies by edition,No heart but Yours
khwaja-mir-dard,Khwaja Mir Dard,3,khwaja-mir-dard-s03,Diwan-e Dard,Public-domain compiled edition,various (19th-early 20th c.),varies by edition,Inward travel
khwaja-mir-dard,Khwaja Mir Dard,4,khwaja-mir-dard-s04,Diwan-e Dard,Public-domain compiled edition,various (19th-early 20th c.),varies by edition,The ache of remembrance
khwaja-mir-dard,Khwaja Mir Dard,5,khwaja-mir-dard-s05,Diwan-e Dard,Public-domain compiled edition,various (19th-early 20th c.),varies by edition,The world as dust
khwaja-mir-dard,Khwaja Mir Dard,6,khwaja-mir-dard-s06,Diwan-e Dard,Public-domain compiled edition,various (19th-early 20th c.),varies by edition,Mystic fire
khwaja-mir-dard,Khwaja Mir Dard,7,khwaja-mir-dard-s07,Diwan-e Dard,Public-domain compiled edition,various (19th-early 20th c.),varies by edition,A soft lament
khwaja-mir-dard,Khwaja Mir Dard,8,khwaja-mir-dard-s08,Diwan-e Dard,Public-domain compiled edition,various (19th-early 20th c.),varies by edition,Rest in longing
khwaja-mir-dard,Khwaja Mir Dard,9,khwaja-mir-dard-s09,Diwan-e Dard,Public-domain compiled edition,various (19th-early 20th c.),varies by edition,The silent zikr
khwaja-mir-dard,Khwaja Mir Dard,10,khwaja-mir-dard-s10,Diwan-e Dard,Public-domain compiled edition,various (19th-early 20th c.),varies by edition,The Sufi path
momin,Momin Khan Momin,1,momin-s01,Diwan-e Momin,Public-domain compiled edition,various (19th-early 20th c.),varies by edition,You remember me
momin,Momin Khan Momin,2,momin-s02,Diwan-e Momin,Public-domain compiled edition,various (19th-early 20th c.),varies by edition,Subtle glance
momin,Momin Khan Momin,3,momin-s03,Diwan-e Momin,Public-domain compiled edition,various (19th-early 20th c.),varies by edition,Heart's delicate wound
momin,Momin Khan Momin,4,momin-s04,Diwan-e Momin,Public-domain compiled edition,various (19th-early 20th c.),varies by edition,Grace of address
momin,Momin Khan Momin,5,momin-s05,Diwan-e Momin,Public-domain compiled edition,various (19th-early 20th c.),varies by edition,Breath and beloved
momin,Momin Khan Momin,6,momin-s06,Diwan-e Momin,Public-domain compiled edition,various (19th-early 20th c.),varies by edition,The hidden charm
momin,Momin Khan Momin,7,momin-s07,Diwan-e Momin,Public-domain compiled edition,various (19th-early 20th c.),varies by edition,Tender captivity
momin,Momin Khan Momin,8,momin-s08,Diwan-e Momin,Public-domain compiled edition,various (19th-early 20th c.),varies by edition,Night of memory
momin,Momin Khan Momin,9,momin-s09,Diwan-e Momin,Public-domain compiled edition,various (19th-early 20th c.),varies by edition,Love's courtesy
momin,Momin Khan Momin,10,momin-s10,Diwan-e Momin,Public-domain compiled edition,various (19th-early 20th c.),varies by edition,Softest pain
zauq,Sheikh Ibrahim Zauq,1,zauq-s01,Diwan-e Zauq,Public-domain compiled edition,various (19th-early 20th c.),varies by edition,Who lives?
zauq,Sheikh Ibrahim Zauq,2,zauq-s02,Diwan-e Zauq,Public-domain compiled edition,various (19th-early 20th c.),varies by edition,Its own will
zauq,Sheikh Ibrahim Zauq,3,zauq-s03,Diwan-e Zauq,Public-domain compiled edition,various (19th-early 20th c.),varies by edition,Human condition
zauq,Sheikh Ibrahim Zauq,4,zauq-s04,Diwan-e Zauq,Public-domain compiled edition,various (19th-early 20th c.),varies by edition,The decline of old age
zauq,Sheikh Ibrahim Zauq,5,zauq-s05,Diwan-e Zauq,Public-domain compiled edition,various (19th-early 20th c.),varies by edition,Language of Delhi
zauq,Sheikh Ibrahim Zauq,6,zauq-s06,Diwan-e Zauq,Public-domain compiled edition,various (19th-early 20th c.),varies by edition,Measured craft
zauq,Sheikh Ibrahim Zauq,7,zauq-s07,Diwan-e Zauq,Public-domain compiled edition,various (19th-early 20th c.),varies by edition,Worldly lesson
zauq,Sheikh Ibrahim Zauq,8,zauq-s08,Diwan-e Zauq,Public-domain compiled edition,various (19th-early 20th c.),varies by edition,Courtly restraint
zauq,Sheikh Ibrahim Zauq,9,zauq-s09,Diwan-e Zauq,Public-domain compiled edition,various (19th-early 20th c.),varies by edition,Everyday realism
zauq,Sheikh Ibrahim Zauq,10,zauq-s10,Diwan-e Zauq,Public-domain compiled edition,various (19th-early 20th c.),varies by edition,Zauq's maxim
dagh-dehlvi,Dagh Dehlvi,1,dagh-dehlvi-s01,Diwan-e Dagh,Public-domain compiled edition,various (19th-early 20th c.),varies by edition,Why complain?
dagh-dehlvi,Dagh Dehlvi,2,dagh-dehlvi-s02,Diwan-e Dagh,Public-domain compiled edition,various (19th-early 20th c.),varies by edition,Gentle teasing
dagh-dehlvi,Dagh Dehlvi,3,dagh-dehlvi-s03,Diwan-e Dagh,Public-domain compiled edition,various (19th-early 20th c.),varies by edition,Urban romance
dagh-dehlvi,Dagh Dehlvi,4,dagh-dehlvi-s04,Diwan-e Dagh,Public-domain compiled edition,various (19th-early 20th c.),varies by edition,Ease of expression
dagh-dehlvi,Dagh Dehlvi,5,dagh-dehlvi-s05,Diwan-e Dagh,Public-domain compiled edition,various (19th-early 20th c.),varies by edition,Conversation as charm
dagh-dehlvi,Dagh Dehlvi,6,dagh-dehlvi-s06,Diwan-e Dagh,Public-domain compiled edition,various (19th-early 20th c.),varies by edition,The grace of idiom
dagh-dehlvi,Dagh Dehlvi,7,dagh-dehlvi-s07,Diwan-e Dagh,Public-domain compiled edition,various (19th-early 20th c.),varies by edition,Love's fluency
dagh-dehlvi,Dagh Dehlvi,8,dagh-dehlvi-s08,Diwan-e Dagh,Public-domain compiled edition,various (19th-early 20th c.),varies by edition,A familiar pain
dagh-dehlvi,Dagh Dehlvi,9,dagh-dehlvi-s09,Diwan-e Dagh,Public-domain compiled edition,various (19th-early 20th c.),varies by edition,Street and salon
dagh-dehlvi,Dagh Dehlvi,10,dagh-dehlvi-s10,Diwan-e Dagh,Public-domain compiled edition,various (19th-early 20th c.),varies by edition,Dagh remembers
akbar-allahabadi,Akbar Allahabadi,1,akbar-allahabadi-s01,Kulliyat-e Akbar Allahabadi,Public-domain compiled edition,various (19th-early 20th c.),varies by edition,Modern education
akbar-allahabadi,Akbar Allahabadi,2,akbar-allahabadi-s02,Kulliyat-e Akbar Allahabadi,Public-domain compiled edition,various (19th-early 20th c.),varies by edition,New civilization
akbar-allahabadi,Akbar Allahabadi,3,akbar-allahabadi-s03,Kulliyat-e Akbar Allahabadi,Public-domain compiled edition,various (19th-early 20th c.),varies by edition,Satire on imitation
akbar-allahabadi,Akbar Allahabadi,4,akbar-allahabadi-s04,Kulliyat-e Akbar Allahabadi,Public-domain compiled edition,various (19th-early 20th c.),varies by edition,Colonial manners
akbar-allahabadi,Akbar Allahabadi,5,akbar-allahabadi-s05,Kulliyat-e Akbar Allahabadi,Public-domain compiled edition,various (19th-early 20th c.),varies by edition,Social pretence
akbar-allahabadi,Akbar Allahabadi,6,akbar-allahabadi-s06,Kulliyat-e Akbar Allahabadi,Public-domain compiled edition,various (19th-early 20th c.),varies by edition,Religion and reform
akbar-allahabadi,Akbar Allahabadi,7,akbar-allahabadi-s07,Kulliyat-e Akbar Allahabadi,Public-domain compiled edition,various (19th-early 20th c.),varies by edition,English airs
akbar-allahabadi,Akbar Allahabadi,8,akbar-allahabadi-s08,Kulliyat-e Akbar Allahabadi,Public-domain compiled edition,various (19th-early 20th c.),varies by edition,Comic unease
akbar-allahabadi,Akbar Allahabadi,9,akbar-allahabadi-s09,Kulliyat-e Akbar Allahabadi,Public-domain compiled edition,various (19th-early 20th c.),varies by edition,Changed society
akbar-allahabadi,Akbar Allahabadi,10,akbar-allahabadi-s10,Kulliyat-e Akbar Allahabadi,Public-domain compiled edition,various (19th-early 20th c.),varies by edition,Akbar's warning
altaf-hussain-hali,Altaf Hussain Hali,1,altaf-hussain-hali-s01,Musaddas-e Hali,Public-domain compiled edition,various (19th-early 20th c.),varies by edition,"Rise, O people"
altaf-hussain-hali,Altaf Hussain Hali,2,altaf-hussain-hali-s02,Kulliyat-e Hali,Public-domain compiled edition,various (19th-early 20th c.),varies by edition,The ebb of nations
altaf-hussain-hali,Altaf Hussain Hali,3,altaf-hussain-hali-s03,Musaddas-e Hali,Public-domain compiled edition,various (19th-early 20th c.),varies by edition,Truth in poetry
altaf-hussain-hali,Altaf Hussain Hali,4,altaf-hussain-hali-s04,Kulliyat-e Hali,Public-domain compiled edition,various (19th-early 20th c.),varies by edition,Madd-o-jazr
altaf-hussain-hali,Altaf Hussain Hali,5,altaf-hussain-hali-s05,Musaddas-e Hali,Public-domain compiled edition,various (19th-early 20th c.),varies by edition,Moral reform
altaf-hussain-hali,Altaf Hussain Hali,6,altaf-hussain-hali-s06,Kulliyat-e Hali,Public-domain compiled edition,various (19th-early 20th c.),varies by edition,Compassion
altaf-hussain-hali,Altaf Hussain Hali,7,altaf-hussain-hali-s07,Musaddas-e Hali,Public-domain compiled edition,various (19th-early 20th c.),varies by edition,Plain speech
altaf-hussain-hali,Altaf Hussain Hali,8,altaf-hussain-hali-s08,Kulliyat-e Hali,Public-domain compiled edition,various (19th-early 20th c.),varies by edition,Women's dignity
altaf-hussain-hali,Altaf Hussain Hali,9,altaf-hussain-hali-s09,Musaddas-e Hali,Public-domain compiled edition,various (19th-early 20th c.),varies by edition,A new realism
altaf-hussain-hali,Altaf Hussain Hali,10,altaf-hussain-hali-s10,Kulliyat-e Hali,Public-domain compiled edition,various (19th-early 20th c.),varies by edition,Hali's plea
